InformationDate,Month_Year,USDtoZAR,USDtoZAR_Interpolate,USDtoZAR_MonthlyAver,USDtoZAR_MoM_Change,USDtoZAR_MoM_Percentage
2025-02-16,February 2025,,18.3771,18.5334,-0.1959,-1.0458
2025-02-15,February 2025,,18.3771,18.5334,-0.1959,-1.0458
2025-02-14,February 2025,18.3771,18.3771,18.5334,-0.1959,-1.0458
2025-02-13,February 2025,18.5246,18.5246,18.5334,-0.1959,-1.0458
2025-02-12,February 2025,18.4569,18.4569,18.5334,-0.1959,-1.0458
2025-02-11,February 2025,18.4903,18.4903,18.5334,-0.1959,-1.0458
2025-02-10,February 2025,18.4175,18.4175,18.5334,-0.1959,-1.0458
2025-02-09,February 2025,,18.421,18.5334,-0.1959,-1.0458
2025-02-08,February 2025,,18.4244,18.5334,-0.1959,-1.0458
2025-02-07,February 2025,18.4278,18.4278,18.5334,-0.1959,-1.0458
2025-02-06,February 2025,18.6122,18.6122,18.5334,-0.1959,-1.0458
2025-02-05,February 2025,18.5672,18.5672,18.5334,-0.1959,-1.0458
2025-02-04,February 2025,18.7781,18.7781,18.5334,-0.1959,-1.0458
2025-02-03,February 2025,18.8286,18.8286,18.5334,-0.1959,-1.0458
2025-02-02,February 2025,,18.7613,18.5334,-0.1959,-1.0458
2025-02-01,February 2025,,18.694,18.5334,-0.1959,-1.0458
2025-01-31,January 2025,18.6268,18.6268,18.7293,0.655,3.6242
2025-01-30,January 2025,18.5272,18.5272,18.7293,0.655,3.6242
2025-01-29,January 2025,18.6658,18.6658,18.7293,0.655,3.6242
2025-01-28,January 2025,18.6968,18.6968,18.7293,0.655,3.6242
2025-01-27,January 2025,18.6645,18.6645,18.7293,0.655,3.6242
2025-01-26,January 2025,,18.5711,18.7293,0.655,3.6242
2025-01-25,January 2025,,18.4777,18.7293,0.655,3.6242
2025-01-24,January 2025,18.3843,18.3843,18.7293,0.655,3.6242
2025-01-23,January 2025,18.5643,18.5643,18.7293,0.655,3.6242
2025-01-22,January 2025,18.4695,18.4695,18.7293,0.655,3.6242
2025-01-21,January 2025,18.6035,18.6035,18.7293,0.655,3.6242
2025-01-20,January 2025,18.7457,18.7457,18.7293,0.655,3.6242
2025-01-19,January 2025,,18.7536,18.7293,0.655,3.6242
2025-01-18,January 2025,,18.7616,18.7293,0.655,3.6242
2025-01-17,January 2025,18.7695,18.7695,18.7293,0.655,3.6242
2025-01-16,January 2025,18.891,18.891,18.7293,0.655,3.6242
2025-01-15,January 2025,18.8659,18.8659,18.7293,0.655,3.6242
2025-01-14,January 2025,18.95,18.95,18.7293,0.655,3.6242
2025-01-13,January 2025,19.1445,19.1445,18.7293,0.655,3.6242
2025-01-12,January 2025,,19.1089,18.7293,0.655,3.6242
2025-01-11,January 2025,,19.0733,18.7293,0.655,3.6242
2025-01-10,January 2025,19.0378,19.0378,18.7293,0.655,3.6242
2025-01-09,January 2025,18.8776,18.8776,18.7293,0.655,3.6242
2025-01-08,January 2025,18.8953,18.8953,18.7293,0.655,3.6242
2025-01-07,January 2025,18.591,18.591,18.7293,0.655,3.6242
2025-01-06,January 2025,18.4849,18.4849,18.7293,0.655,3.6242
2025-01-05,January 2025,,18.5685,18.7293,0.655,3.6242
2025-01-04,January 2025,,18.652,18.7293,0.655,3.6242
2025-01-03,January 2025,18.7355,18.7355,18.7293,0.655,3.6242
2025-01-02,January 2025,18.6725,18.6725,18.7293,0.655,3.6242
2025-01-01,January 2025,,18.7784,18.7293,0.655,3.6242
2024-12-31,December 2024,18.8842,18.8842,18.2334,0.1591,0.8883
2024-12-30,December 2024,18.7372,18.7372,18.2334,0.1591,0.8883
2024-12-29,December 2024,,18.7288,18.2334,0.1591,0.8883
2024-12-28,December 2024,,18.7203,18.2334,0.1591,0.8883
2024-12-27,December 2024,18.7119,18.7119,18.2334,0.1591,0.8883
2024-12-26,December 2024,,18.6729,18.2334,0.1591,0.8883
2024-12-25,December 2024,,18.6338,18.2334,0.1591,0.8883
2024-12-24,December 2024,18.5948,18.5948,18.2334,0.1591,0.8883
2024-12-23,December 2024,18.478,18.478,18.2334,0.1591,0.8883
2024-12-22,December 2024,,18.4497,18.2334,0.1591,0.8883
2024-12-21,December 2024,,18.4214,18.2334,0.1591,0.8883
2024-12-20,December 2024,18.3931,18.3931,18.2334,0.1591,0.8883
2024-12-19,December 2024,18.3117,18.3117,18.2334,0.1591,0.8883
2024-12-18,December 2024,18.0642,18.0642,18.2334,0.1591,0.8883
2024-12-17,December 2024,18.1286,18.1286,18.2334,0.1591,0.8883
2024-12-16,December 2024,17.8788,17.8788,18.2334,0.1591,0.8883
2024-12-15,December 2024,,17.8814,18.2334,0.1591,0.8883
2024-12-14,December 2024,,17.884,18.2334,0.1591,0.8883
2024-12-13,December 2024,17.8866,17.8866,18.2334,0.1591,0.8883
2024-12-12,December 2024,17.6939,17.6939,18.2334,0.1591,0.8883
2024-12-11,December 2024,17.7781,17.7781,18.2334,0.1591,0.8883
2024-12-10,December 2024,17.8782,17.8782,18.2334,0.1591,0.8883
2024-12-09,December 2024,17.8194,17.8194,18.2334,0.1591,0.8883
2024-12-08,December 2024,,17.899,18.2334,0.1591,0.8883
2024-12-07,December 2024,,17.9787,18.2334,0.1591,0.8883
2024-12-06,December 2024,18.0584,18.0584,18.2334,0.1591,0.8883
2024-12-05,December 2024,18.0671,18.0671,18.2334,0.1591,0.8883
2024-12-04,December 2024,18.1738,18.1738,18.2334,0.1591,0.8883
2024-12-03,December 2024,18.1035,18.1035,18.2334,0.1591,0.8883
2024-12-02,December 2024,18.182,18.182,18.2334,0.1591,0.8883
2024-12-01,December 2024,,18.1422,18.2334,0.1591,0.8883
2024-11-30,December 2024,,18.1024,17.9151,0.1591,0.8883
2024-11-29,November 2024,18.0626,18.0626,17.9151,0.347,1.975
2024-11-28,November 2024,18.1522,18.1522,17.9151,0.347,1.975
2024-11-27,November 2024,18.1456,18.1456,17.9151,0.347,1.975
2024-11-26,November 2024,18.0889,18.0889,17.9151,0.347,1.975
2024-11-25,November 2024,18.065,18.065,17.9151,0.347,1.975
2024-11-24,November 2024,,18.0602,17.9151,0.347,1.975
2024-11-23,November 2024,,18.0553,17.9151,0.347,1.975
2024-11-22,November 2024,18.0505,18.0505,17.9151,0.347,1.975
2024-11-21,November 2024,18.0775,18.0775,17.9151,0.347,1.975
2024-11-20,November 2024,18.1089,18.1089,17.9151,0.347,1.975
2024-11-19,November 2024,18.0535,18.0535,17.9151,0.347,1.975
2024-11-18,November 2024,18.0788,18.0788,17.9151,0.347,1.975
2024-11-17,November 2024,,18.1111,17.9151,0.347,1.975
2024-11-16,November 2024,,18.1434,17.9151,0.347,1.975
2024-11-15,November 2024,18.1757,18.1757,17.9151,0.347,1.975
2024-11-14,November 2024,18.3363,18.3363,17.9151,0.347,1.975
2024-11-13,November 2024,18.0079,18.0079,17.9151,0.347,1.975
2024-11-12,November 2024,18.045,18.045,17.9151,0.347,1.975
2024-11-11,November 2024,17.8548,17.8548,17.9151,0.347,1.975
2024-11-10,November 2024,,17.7448,17.9151,0.347,1.975
2024-11-09,November 2024,,17.6348,17.9151,0.347,1.975
2024-11-08,November 2024,17.5248,17.5248,17.9151,0.347,1.975
2024-11-07,November 2024,17.3693,17.3693,17.9151,0.347,1.975
2024-11-06,November 2024,17.7505,17.7505,17.9151,0.347,1.975
2024-11-05,November 2024,17.4614,17.4614,17.9151,0.347,1.975
2024-11-04,November 2024,17.5393,17.5393,17.9151,0.347,1.975
2024-11-03,November 2024,,17.5453,17.9151,0.347,1.975
2024-11-02,November 2024,,17.5513,17.9151,0.347,1.975
2024-11-01,November 2024,17.5573,17.5573,17.9151,0.347,1.975
2024-10-31,October 2024,17.6318,17.6318,17.5682,-0.2551,-1.4313
2024-10-30,October 2024,17.7101,17.7101,17.5682,-0.2551,-1.4313
2024-10-29,October 2024,17.7337,17.7337,17.5682,-0.2551,-1.4313
2024-10-28,October 2024,17.7368,17.7368,17.5682,-0.2551,-1.4313
2024-10-27,October 2024,,17.6945,17.5682,-0.2551,-1.4313
2024-10-26,October 2024,,17.6522,17.5682,-0.2551,-1.4313
2024-10-25,October 2024,17.6099,17.6099,17.5682,-0.2551,-1.4313
2024-10-24,October 2024,17.6743,17.6743,17.5682,-0.2551,-1.4313
2024-10-23,October 2024,17.6795,17.6795,17.5682,-0.2551,-1.4313
2024-10-22,October 2024,17.5755,17.5755,17.5682,-0.2551,-1.4313
2024-10-21,October 2024,17.615,17.615,17.5682,-0.2551,-1.4313
2024-10-20,October 2024,,17.6058,17.5682,-0.2551,-1.4313
2024-10-19,October 2024,,17.5965,17.5682,-0.2551,-1.4313
2024-10-18,October 2024,17.5873,17.5873,17.5682,-0.2551,-1.4313
2024-10-17,October 2024,17.7256,17.7256,17.5682,-0.2551,-1.4313
2024-10-16,October 2024,17.5537,17.5537,17.5682,-0.2551,-1.4313
2024-10-15,October 2024,17.5778,17.5778,17.5682,-0.2551,-1.4313
2024-10-14,October 2024,17.5555,17.5555,17.5682,-0.2551,-1.4313
2024-10-13,October 2024,,17.5256,17.5682,-0.2551,-1.4313
2024-10-12,October 2024,,17.4957,17.5682,-0.2551,-1.4313
2024-10-11,October 2024,17.4658,17.4658,17.5682,-0.2551,-1.4313
2024-10-10,October 2024,17.5989,17.5989,17.5682,-0.2551,-1.4313
2024-10-09,October 2024,17.64,17.64,17.5682,-0.2551,-1.4313
2024-10-08,October 2024,17.4635,17.4635,17.5682,-0.2551,-1.4313
2024-10-07,October 2024,17.3901,17.3901,17.5682,-0.2551,-1.4313
2024-10-06,October 2024,,17.4207,17.5682,-0.2551,-1.4313
2024-10-05,October 2024,,17.4514,17.5682,-0.2551,-1.4313
2024-10-04,October 2024,17.482,17.482,17.5682,-0.2551,-1.4313
2024-10-03,October 2024,17.485,17.485,17.5682,-0.2551,-1.4313
2024-10-02,October 2024,17.3973,17.3973,17.5682,-0.2551,-1.4313
2024-10-01,October 2024,17.2817,17.2817,17.5682,-0.2551,-1.4313
2024-09-30,September 2024,17.172,17.172,17.6011,-0.2222,-1.2314
2024-09-29,September 2024,,17.1567,17.6011,-0.2222,-1.2314
2024-09-28,September 2024,,17.1413,17.6011,-0.2222,-1.2314
2024-09-27,September 2024,17.126,17.126,17.6011,-0.2222,-1.2314
2024-09-26,September 2024,17.2461,17.2461,17.6011,-0.2222,-1.2314
2024-09-25,September 2024,17.146,17.146,17.6011,-0.2222,-1.2314
2024-09-24,September 2024,17.3241,17.3241,17.6011,-0.2222,-1.2314
2024-09-23,September 2024,17.3804,17.3804,17.6011,-0.2222,-1.2314
2024-09-22,September 2024,,17.4286,17.6011,-0.2222,-1.2314
2024-09-21,September 2024,,17.4768,17.6011,-0.2222,-1.2314
2024-09-20,September 2024,17.525,17.525,17.6011,-0.2222,-1.2314
2024-09-19,September 2024,17.4304,17.4304,17.6011,-0.2222,-1.2314
2024-09-18,September 2024,17.5774,17.5774,17.6011,-0.2222,-1.2314
2024-09-17,September 2024,17.6334,17.6334,17.6011,-0.2222,-1.2314
2024-09-16,September 2024,17.6413,17.6413,17.6011,-0.2222,-1.2314
2024-09-15,September 2024,,17.6925,17.6011,-0.2222,-1.2314
2024-09-14,September 2024,,17.7437,17.6011,-0.2222,-1.2314
2024-09-13,September 2024,17.7949,17.7949,17.6011,-0.2222,-1.2314
2024-09-12,September 2024,17.9478,17.9478,17.6011,-0.2222,-1.2314
2024-09-11,September 2024,17.875,17.875,17.6011,-0.2222,-1.2314
2024-09-10,September 2024,17.9008,17.9008,17.6011,-0.2222,-1.2314
2024-09-09,September 2024,17.899,17.899,17.6011,-0.2222,-1.2314
2024-09-08,September 2024,,17.8433,17.6011,-0.2222,-1.2314
2024-09-07,September 2024,,17.7875,17.6011,-0.2222,-1.2314
2024-09-06,September 2024,17.7317,17.7317,17.6011,-0.2222,-1.2314
2024-09-05,September 2024,17.785,17.785,17.6011,-0.2222,-1.2314
2024-09-04,September 2024,17.9183,17.9183,17.6011,-0.2222,-1.2314
2024-09-03,September 2024,17.9742,17.9742,17.6011,-0.2222,-1.2314
2024-09-02,September 2024,17.9157,17.9157,17.6011,-0.2222,-1.2314
2024-09-01,September 2024,,17.8173,17.6011,-0.2222,-1.2314
2024-08-31,September 2024,,17.7189,18.0455,-0.2222,-1.2314
2024-08-30,August 2024,17.6205,17.6205,18.0455,-0.2822,-1.5397
2024-08-29,August 2024,17.7084,17.7084,18.0455,-0.2822,-1.5397
2024-08-28,August 2024,17.7972,17.7972,18.0455,-0.2822,-1.5397
2024-08-27,August 2024,17.7283,17.7283,18.0455,-0.2822,-1.5397
2024-08-26,August 2024,17.7656,17.7656,18.0455,-0.2822,-1.5397
2024-08-25,August 2024,,17.8261,18.0455,-0.2822,-1.5397
2024-08-24,August 2024,,17.8867,18.0455,-0.2822,-1.5397
2024-08-23,August 2024,17.9472,17.9472,18.0455,-0.2822,-1.5397
2024-08-22,August 2024,17.9827,17.9827,18.0455,-0.2822,-1.5397
2024-08-21,August 2024,17.8353,17.8353,18.0455,-0.2822,-1.5397
2024-08-20,August 2024,17.8,17.8,18.0455,-0.2822,-1.5397
2024-08-19,August 2024,17.8381,17.8381,18.0455,-0.2822,-1.5397
2024-08-18,August 2024,,17.8648,18.0455,-0.2822,-1.5397
2024-08-17,August 2024,,17.8915,18.0455,-0.2822,-1.5397
2024-08-16,August 2024,17.9182,17.9182,18.0455,-0.2822,-1.5397
2024-08-15,August 2024,18.0078,18.0078,18.0455,-0.2822,-1.5397
2024-08-14,August 2024,18.0839,18.0839,18.0455,-0.2822,-1.5397
2024-08-13,August 2024,18.1704,18.1704,18.0455,-0.2822,-1.5397
2024-08-12,August 2024,18.2194,18.2194,18.0455,-0.2822,-1.5397
2024-08-11,August 2024,,18.2581,18.0455,-0.2822,-1.5397
2024-08-10,August 2024,,18.2968,18.0455,-0.2822,-1.5397
2024-08-09,August 2024,18.3355,18.3355,18.0455,-0.2822,-1.5397
2024-08-08,August 2024,18.3891,18.3891,18.0455,-0.2822,-1.5397
2024-08-07,August 2024,18.3428,18.3428,18.0455,-0.2822,-1.5397
2024-08-06,August 2024,18.4715,18.4715,18.0455,-0.2822,-1.5397
2024-08-05,August 2024,18.5768,18.5768,18.0455,-0.2822,-1.5397
2024-08-04,August 2024,,18.4466,18.0455,-0.2822,-1.5397
2024-08-03,August 2024,,18.3164,18.0455,-0.2822,-1.5397
2024-08-02,August 2024,18.1862,18.1862,18.0455,-0.2822,-1.5397
2024-08-01,August 2024,18.1791,18.1791,18.0455,-0.2822,-1.5397
2024-07-31,July 2024,18.2305,18.2305,18.247,-0.0807,-0.4383
2024-07-30,July 2024,18.368,18.368,18.247,-0.0807,-0.4383
2024-07-29,July 2024,18.4008,18.4008,18.247,-0.0807,-0.4383
2024-07-28,July 2024,,18.3482,18.247,-0.0807,-0.4383
2024-07-27,July 2024,,18.2957,18.247,-0.0807,-0.4383
2024-07-26,July 2024,18.2432,18.2432,18.247,-0.0807,-0.4383
2024-07-25,July 2024,18.4913,18.4913,18.247,-0.0807,-0.4383
2024-07-24,July 2024,18.3132,18.3132,18.247,-0.0807,-0.4383
2024-07-23,July 2024,18.4225,18.4225,18.247,-0.0807,-0.4383
2024-07-22,July 2024,18.2722,18.2722,18.247,-0.0807,-0.4383
2024-07-21,July 2024,,18.2917,18.247,-0.0807,-0.4383
2024-07-20,July 2024,,18.3113,18.247,-0.0807,-0.4383
2024-07-19,July 2024,18.3308,18.3308,18.247,-0.0807,-0.4383
2024-07-18,July 2024,18.2022,18.2022,18.247,-0.0807,-0.4383
2024-07-17,July 2024,18.1793,18.1793,18.247,-0.0807,-0.4383
2024-07-16,July 2024,18.0762,18.0762,18.247,-0.0807,-0.4383
2024-07-15,July 2024,18.1832,18.1832,18.247,-0.0807,-0.4383
2024-07-14,July 2024,,18.1195,18.247,-0.0807,-0.4383
2024-07-13,July 2024,,18.0559,18.247,-0.0807,-0.4383
2024-07-12,July 2024,17.9922,17.9922,18.247,-0.0807,-0.4383
2024-07-11,July 2024,18.0811,18.0811,18.247,-0.0807,-0.4383
2024-07-10,July 2024,18.0675,18.0675,18.247,-0.0807,-0.4383
2024-07-09,July 2024,18.1746,18.1746,18.247,-0.0807,-0.4383
2024-07-08,July 2024,18.1469,18.1469,18.247,-0.0807,-0.4383
2024-07-07,July 2024,,18.1761,18.247,-0.0807,-0.4383
2024-07-06,July 2024,,18.2054,18.247,-0.0807,-0.4383
2024-07-05,July 2024,18.2346,18.2346,18.247,-0.0807,-0.4383
2024-07-04,July 2024,18.321,18.321,18.247,-0.0807,-0.4383
2024-07-03,July 2024,18.5025,18.5025,18.247,-0.0807,-0.4383
2024-07-02,July 2024,18.4697,18.4697,18.247,-0.0807,-0.4383
2024-07-01,July 2024,18.1494,18.1494,18.247,-0.0807,-0.4383
2024-06-30,July 2024,,18.1706,18.4084,-0.0807,-0.4383
2024-06-29,July 2024,,18.1918,18.4084,-0.0807,-0.4383
2024-06-28,June 2024,18.213,18.213,18.4084,-0.0049,-0.0266
2024-06-27,June 2024,18.3815,18.3815,18.4084,-0.0049,-0.0266
2024-06-26,June 2024,18.1722,18.1722,18.4084,-0.0049,-0.0266
2024-06-25,June 2024,18.1573,18.1573,18.4084,-0.0049,-0.0266
2024-06-24,June 2024,18.1847,18.1847,18.4084,-0.0049,-0.0266
2024-06-23,June 2024,,18.0875,18.4084,-0.0049,-0.0266
2024-06-22,June 2024,,17.9903,18.4084,-0.0049,-0.0266
2024-06-21,June 2024,17.8931,17.8931,18.4084,-0.0049,-0.0266
2024-06-20,June 2024,18.1049,18.1049,18.4084,-0.0049,-0.0266
2024-06-19,June 2024,18.0251,18.0251,18.4084,-0.0049,-0.0266
2024-06-18,June 2024,18.1333,18.1333,18.4084,-0.0049,-0.0266
2024-06-17,June 2024,18.2844,18.2844,18.4084,-0.0049,-0.0266
2024-06-16,June 2024,,18.3041,18.4084,-0.0049,-0.0266
2024-06-15,June 2024,,18.3238,18.4084,-0.0049,-0.0266
2024-06-14,June 2024,18.3435,18.3435,18.4084,-0.0049,-0.0266
2024-06-13,June 2024,18.3962,18.3962,18.4084,-0.0049,-0.0266
2024-06-12,June 2024,18.6239,18.6239,18.4084,-0.0049,-0.0266
2024-06-11,June 2024,18.5996,18.5996,18.4084,-0.0049,-0.0266
2024-06-10,June 2024,18.7084,18.7084,18.4084,-0.0049,-0.0266
2024-06-09,June 2024,,18.7371,18.4084,-0.0049,-0.0266
2024-06-08,June 2024,,18.7657,18.4084,-0.0049,-0.0266
2024-06-07,June 2024,18.7944,18.7944,18.4084,-0.0049,-0.0266
2024-06-06,June 2024,18.9858,18.9858,18.4084,-0.0049,-0.0266
2024-06-05,June 2024,18.9356,18.9356,18.4084,-0.0049,-0.0266
2024-06-04,June 2024,18.6826,18.6826,18.4084,-0.0049,-0.0266
2024-06-03,June 2024,18.6805,18.6805,18.4084,-0.0049,-0.0266
2024-06-02,June 2024,,18.6868,18.4084,-0.0049,-0.0266
2024-06-01,June 2024,,18.6932,18.4084,-0.0049,-0.0266
2024-05-31,May 2024,18.6995,18.6995,18.4133,-0.4518,-2.395
2024-05-30,May 2024,18.6316,18.6316,18.4133,-0.4518,-2.395
2024-05-29,May 2024,18.3292,18.3292,18.4133,-0.4518,-2.395
2024-05-28,May 2024,18.3278,18.3278,18.4133,-0.4518,-2.395
2024-05-27,May 2024,18.4111,18.4111,18.4133,-0.4518,-2.395
2024-05-26,May 2024,,18.409,18.4133,-0.4518,-2.395
2024-05-25,May 2024,,18.4068,18.4133,-0.4518,-2.395
2024-05-24,May 2024,18.4046,18.4046,18.4133,-0.4518,-2.395
2024-05-23,May 2024,18.3451,18.3451,18.4133,-0.4518,-2.395
2024-05-22,May 2024,18.2331,18.2331,18.4133,-0.4518,-2.395
2024-05-21,May 2024,18.1291,18.1291,18.4133,-0.4518,-2.395
2024-05-20,May 2024,18.2352,18.2352,18.4133,-0.4518,-2.395
2024-05-19,May 2024,,18.2452,18.4133,-0.4518,-2.395
2024-05-18,May 2024,,18.2552,18.4133,-0.4518,-2.395
2024-05-17,May 2024,18.2652,18.2652,18.4133,-0.4518,-2.395
2024-05-16,May 2024,18.2138,18.2138,18.4133,-0.4518,-2.395
2024-05-15,May 2024,18.3782,18.3782,18.4133,-0.4518,-2.395
2024-05-14,May 2024,18.4175,18.4175,18.4133,-0.4518,-2.395
2024-05-13,May 2024,18.359,18.359,18.4133,-0.4518,-2.395
2024-05-12,May 2024,,18.3831,18.4133,-0.4518,-2.395
2024-05-11,May 2024,,18.4073,18.4133,-0.4518,-2.395
2024-05-10,May 2024,18.4315,18.4315,18.4133,-0.4518,-2.395
2024-05-09,May 2024,18.5293,18.5293,18.4133,-0.4518,-2.395
2024-05-08,May 2024,18.6548,18.6548,18.4133,-0.4518,-2.395
2024-05-07,May 2024,18.4959,18.4959,18.4133,-0.4518,-2.395
2024-05-06,May 2024,18.4084,18.4084,18.4133,-0.4518,-2.395
2024-05-05,May 2024,,18.4448,18.4133,-0.4518,-2.395
2024-05-04,May 2024,,18.4811,18.4133,-0.4518,-2.395
2024-05-03,May 2024,18.5175,18.5175,18.4133,-0.4518,-2.395
2024-05-02,May 2024,18.6661,18.6661,18.4133,-0.4518,-2.395
2024-05-01,May 2024,,18.695,18.4133,-0.4518,-2.395
2024-04-30,April 2024,18.7238,18.7238,18.8645,-0.0006,-0.0032
2024-04-29,April 2024,18.7037,18.7037,18.8645,-0.0006,-0.0032
2024-04-28,April 2024,,18.7549,18.8645,-0.0006,-0.0032
2024-04-27,April 2024,,18.8061,18.8645,-0.0006,-0.0032
2024-04-26,April 2024,18.8573,18.8573,18.8645,-0.0006,-0.0032
2024-04-25,April 2024,18.9717,18.9717,18.8645,-0.0006,-0.0032
2024-04-24,April 2024,19.1898,19.1898,18.8645,-0.0006,-0.0032
2024-04-23,April 2024,19.2374,19.2374,18.8645,-0.0006,-0.0032
2024-04-22,April 2024,19.1373,19.1373,18.8645,-0.0006,-0.0032
2024-04-21,April 2024,,19.1662,18.8645,-0.0006,-0.0032
2024-04-20,April 2024,,19.1951,18.8645,-0.0006,-0.0032
2024-04-19,April 2024,19.224,19.224,18.8645,-0.0006,-0.0032
2024-04-18,April 2024,19.0524,19.0524,18.8645,-0.0006,-0.0032
2024-04-17,April 2024,19.0592,19.0592,18.8645,-0.0006,-0.0032
2024-04-16,April 2024,19.0001,19.0001,18.8645,-0.0006,-0.0032
2024-04-15,April 2024,18.9627,18.9627,18.8645,-0.0006,-0.0032
2024-04-14,April 2024,,18.8975,18.8645,-0.0006,-0.0032
2024-04-13,April 2024,,18.8323,18.8645,-0.0006,-0.0032
2024-04-12,April 2024,18.7671,18.7671,18.8645,-0.0006,-0.0032
2024-04-11,April 2024,18.7915,18.7915,18.8645,-0.0006,-0.0032
2024-04-10,April 2024,18.4946,18.4946,18.8645,-0.0006,-0.0032
2024-04-09,April 2024,18.4836,18.4836,18.8645,-0.0006,-0.0032
2024-04-08,April 2024,18.6246,18.6246,18.8645,-0.0006,-0.0032
2024-04-07,April 2024,,18.6185,18.8645,-0.0006,-0.0032
2024-04-06,April 2024,,18.6123,18.8645,-0.0006,-0.0032
2024-04-05,April 2024,18.6062,18.6062,18.8645,-0.0006,-0.0032
2024-04-04,April 2024,18.679,18.679,18.8645,-0.0006,-0.0032
2024-04-03,April 2024,18.795,18.795,18.8645,-0.0006,-0.0032
2024-04-02,April 2024,18.8296,18.8296,18.8645,-0.0006,-0.0032
2024-04-01,April 2024,,18.8603,18.8645,-0.0006,-0.0032
2024-03-31,April 2024,,18.891,18.8657,-0.0006,-0.0032
2024-03-30,April 2024,,18.9217,18.8657,-0.0006,-0.0032
2024-03-29,April 2024,,18.9524,18.8657,-0.0006,-0.0032
2024-03-28,March 2024,18.9831,18.9831,18.8657,-0.1359,-0.7154
2024-03-27,March 2024,18.9271,18.9271,18.8657,-0.1359,-0.7154
2024-03-26,March 2024,18.9124,18.9124,18.8657,-0.1359,-0.7154
2024-03-25,March 2024,18.9099,18.9099,18.8657,-0.1359,-0.7154
2024-03-24,March 2024,,18.9387,18.8657,-0.1359,-0.7154
2024-03-23,March 2024,,18.9675,18.8657,-0.1359,-0.7154
2024-03-22,March 2024,18.9963,18.9963,18.8657,-0.1359,-0.7154
2024-03-21,March 2024,18.7202,18.7202,18.8657,-0.1359,-0.7154
2024-03-20,March 2024,18.8666,18.8666,18.8657,-0.1359,-0.7154
2024-03-19,March 2024,18.9278,18.9278,18.8657,-0.1359,-0.7154
2024-03-18,March 2024,18.9,18.9,18.8657,-0.1359,-0.7154
2024-03-17,March 2024,,18.8283,18.8657,-0.1359,-0.7154
2024-03-16,March 2024,,18.7565,18.8657,-0.1359,-0.7154
2024-03-15,March 2024,18.6848,18.6848,18.8657,-0.1359,-0.7154
2024-03-14,March 2024,18.6416,18.6416,18.8657,-0.1359,-0.7154
2024-03-13,March 2024,18.6978,18.6978,18.8657,-0.1359,-0.7154
2024-03-12,March 2024,18.6783,18.6783,18.8657,-0.1359,-0.7154
2024-03-11,March 2024,18.6964,18.6964,18.8657,-0.1359,-0.7154
2024-03-10,March 2024,,18.6786,18.8657,-0.1359,-0.7154
2024-03-09,March 2024,,18.6608,18.8657,-0.1359,-0.7154
2024-03-08,March 2024,18.643,18.643,18.8657,-0.1359,-0.7154
2024-03-07,March 2024,18.7813,18.7813,18.8657,-0.1359,-0.7154
2024-03-06,March 2024,18.888,18.888,18.8657,-0.1359,-0.7154
2024-03-05,March 2024,18.9752,18.9752,18.8657,-0.1359,-0.7154
2024-03-04,March 2024,19.0287,19.0287,18.8657,-0.1359,-0.7154
2024-03-03,March 2024,,19.078,18.8657,-0.1359,-0.7154
2024-03-02,March 2024,,19.1274,18.8657,-0.1359,-0.7154
2024-03-01,March 2024,19.1767,19.1767,18.8657,-0.1359,-0.7154
2024-02-29,February 2024,19.306,19.306,19.0016,0.2846,1.5206
2024-02-28,February 2024,19.2318,19.2318,19.0016,0.2846,1.5206
2024-02-27,February 2024,19.1341,19.1341,19.0016,0.2846,1.5206
2024-02-26,February 2024,19.3051,19.3051,19.0016,0.2846,1.5206
2024-02-25,February 2024,,19.2904,19.0016,0.2846,1.5206
2024-02-24,February 2024,,19.2756,19.0016,0.2846,1.5206
2024-02-23,February 2024,19.2608,19.2608,19.0016,0.2846,1.5206
2024-02-22,February 2024,19.0599,19.0599,19.0016,0.2846,1.5206
2024-02-21,February 2024,18.8219,18.8219,19.0016,0.2846,1.5206
2024-02-20,February 2024,18.9477,18.9477,19.0016,0.2846,1.5206
2024-02-19,February 2024,18.9597,18.9597,19.0016,0.2846,1.5206
2024-02-18,February 2024,,18.9355,19.0016,0.2846,1.5206
2024-02-17,February 2024,,18.9112,19.0016,0.2846,1.5206
2024-02-16,February 2024,18.887,18.887,19.0016,0.2846,1.5206
2024-02-15,February 2024,19.0232,19.0232,19.0016,0.2846,1.5206
2024-02-14,February 2024,19.0406,19.0406,19.0016,0.2846,1.5206
2024-02-13,February 2024,18.8252,18.8252,19.0016,0.2846,1.5206
2024-02-12,February 2024,18.9977,18.9977,19.0016,0.2846,1.5206
2024-02-11,February 2024,,19.004,19.0016,0.2846,1.5206
2024-02-10,February 2024,,19.0103,19.0016,0.2846,1.5206
2024-02-09,February 2024,19.0166,19.0166,19.0016,0.2846,1.5206
2024-02-08,February 2024,18.9561,18.9561,19.0016,0.2846,1.5206
2024-02-07,February 2024,18.9018,18.9018,19.0016,0.2846,1.5206
2024-02-06,February 2024,18.9214,18.9214,19.0016,0.2846,1.5206
2024-02-05,February 2024,19.0055,19.0055,19.0016,0.2846,1.5206
2024-02-04,February 2024,,18.8871,19.0016,0.2846,1.5206
2024-02-03,February 2024,,18.7688,19.0016,0.2846,1.5206
2024-02-02,February 2024,18.6505,18.6505,19.0016,0.2846,1.5206
2024-02-01,February 2024,18.7112,18.7112,19.0016,0.2846,1.5206
2024-01-31,January 2024,18.7541,18.7541,18.8086,0.0916,0.4918
2024-01-30,January 2024,18.8949,18.8949,18.8086,0.0916,0.4918
2024-01-29,January 2024,18.7584,18.7584,18.8086,0.0916,0.4918
2024-01-28,January 2024,,18.7689,18.8086,0.0916,0.4918
2024-01-27,January 2024,,18.7793,18.8086,0.0916,0.4918
2024-01-26,January 2024,18.7898,18.7898,18.8086,0.0916,0.4918
2024-01-25,January 2024,18.894,18.894,18.8086,0.0916,0.4918
2024-01-24,January 2024,18.8323,18.8323,18.8086,0.0916,0.4918
2024-01-23,January 2024,19.0418,19.0418,18.8086,0.0916,0.4918
2024-01-22,January 2024,19.1778,19.1778,18.8086,0.0916,0.4918
2024-01-21,January 2024,,19.1197,18.8086,0.0916,0.4918
2024-01-20,January 2024,,19.0616,18.8086,0.0916,0.4918
2024-01-19,January 2024,19.0036,19.0036,18.8086,0.0916,0.4918
2024-01-18,January 2024,18.9398,18.9398,18.8086,0.0916,0.4918
2024-01-17,January 2024,19.0614,19.0614,18.8086,0.0916,0.4918
2024-01-16,January 2024,18.887,18.887,18.8086,0.0916,0.4918
2024-01-15,January 2024,18.667,18.667,18.8086,0.0916,0.4918
2024-01-14,January 2024,,18.6717,18.8086,0.0916,0.4918
2024-01-13,January 2024,,18.6764,18.8086,0.0916,0.4918
2024-01-12,January 2024,18.681,18.681,18.8086,0.0916,0.4918
2024-01-11,January 2024,18.5975,18.5975,18.8086,0.0916,0.4918
2024-01-10,January 2024,18.6496,18.6496,18.8086,0.0916,0.4918
2024-01-09,January 2024,18.6819,18.6819,18.8086,0.0916,0.4918
2024-01-08,January 2024,18.7268,18.7268,18.8086,0.0916,0.4918
2024-01-07,January 2024,,18.7572,18.8086,0.0916,0.4918
2024-01-06,January 2024,,18.7876,18.8086,0.0916,0.4918
2024-01-05,January 2024,18.818,18.818,18.8086,0.0916,0.4918
2024-01-04,January 2024,18.6498,18.6498,18.8086,0.0916,0.4918
2024-01-03,January 2024,18.8045,18.8045,18.8086,0.0916,0.4918
2024-01-02,January 2024,18.5885,18.5885,18.8086,0.0916,0.4918
2024-01-01,January 2024,,18.545,18.8086,0.0916,0.4918
2023-12-31,January 2024,,18.5014,18.6254,0.0916,0.4918
2023-12-30,January 2024,,18.4578,18.6254,0.0916,0.4918
2023-12-29,December 2023,18.4142,18.4142,18.6254,0.0822,0.4433
2023-12-28,December 2023,18.5355,18.5355,18.6254,0.0822,0.4433
2023-12-27,December 2023,18.4625,18.4625,18.6254,0.0822,0.4433
2023-12-26,December 2023,,18.4545,18.6254,0.0822,0.4433
2023-12-25,December 2023,,18.4465,18.6254,0.0822,0.4433
2023-12-24,December 2023,,18.4384,18.6254,0.0822,0.4433
2023-12-23,December 2023,,18.4304,18.6254,0.0822,0.4433
2023-12-22,December 2023,18.4224,18.4224,18.6254,0.0822,0.4433
2023-12-21,December 2023,18.3342,18.3342,18.6254,0.0822,0.4433
2023-12-20,December 2023,18.376,18.376,18.6254,0.0822,0.4433
2023-12-19,December 2023,18.4792,18.4792,18.6254,0.0822,0.4433
2023-12-18,December 2023,18.5314,18.5314,18.6254,0.0822,0.4433
2023-12-17,December 2023,,18.4387,18.6254,0.0822,0.4433
2023-12-16,December 2023,,18.346,18.6254,0.0822,0.4433
2023-12-15,December 2023,18.2533,18.2533,18.6254,0.0822,0.4433
2023-12-14,December 2023,18.5633,18.5633,18.6254,0.0822,0.4433
2023-12-13,December 2023,19.085,19.085,18.6254,0.0822,0.4433
2023-12-12,December 2023,18.9094,18.9094,18.6254,0.0822,0.4433
2023-12-11,December 2023,19.0984,19.0984,18.6254,0.0822,0.4433
2023-12-10,December 2023,,19.0314,18.6254,0.0822,0.4433
2023-12-09,December 2023,,18.9644,18.6254,0.0822,0.4433
2023-12-08,December 2023,18.8974,18.8974,18.6254,0.0822,0.4433
2023-12-07,December 2023,18.7593,18.7593,18.6254,0.0822,0.4433
2023-12-06,December 2023,18.9647,18.9647,18.6254,0.0822,0.4433
2023-12-05,December 2023,18.9253,18.9253,18.6254,0.0822,0.4433
2023-12-04,December 2023,18.7364,18.7364,18.6254,0.0822,0.4433
2023-12-03,December 2023,,18.7232,18.6254,0.0822,0.4433
2023-12-02,December 2023,,18.7101,18.6254,0.0822,0.4433
2023-12-01,December 2023,18.6969,18.6969,18.6254,0.0822,0.4433
2023-11-30,November 2023,18.8183,18.8183,18.5432,-0.4664,-2.4533
2023-11-29,November 2023,18.5159,18.5159,18.5432,-0.4664,-2.4533
2023-11-28,November 2023,18.7079,18.7079,18.5432,-0.4664,-2.4533
2023-11-27,November 2023,18.6364,18.6364,18.5432,-0.4664,-2.4533
2023-11-26,November 2023,,18.7242,18.5432,-0.4664,-2.4533
2023-11-25,November 2023,,18.8121,18.5432,-0.4664,-2.4533
2023-11-24,November 2023,18.9,18.9,18.5432,-0.4664,-2.4533
2023-11-23,November 2023,18.828,18.828,18.5432,-0.4664,-2.4533
2023-11-22,November 2023,18.6058,18.6058,18.5432,-0.4664,-2.4533
2023-11-21,November 2023,18.3846,18.3846,18.5432,-0.4664,-2.4533
2023-11-20,November 2023,18.4338,18.4338,18.5432,-0.4664,-2.4533
2023-11-19,November 2023,,18.3983,18.5432,-0.4664,-2.4533
2023-11-18,November 2023,,18.3628,18.5432,-0.4664,-2.4533
2023-11-17,November 2023,18.3273,18.3273,18.5432,-0.4664,-2.4533
2023-11-16,November 2023,18.3167,18.3167,18.5432,-0.4664,-2.4533
2023-11-15,November 2023,18.1383,18.1383,18.5432,-0.4664,-2.4533
2023-11-14,November 2023,18.7145,18.7145,18.5432,-0.4664,-2.4533
2023-11-13,November 2023,18.7465,18.7465,18.5432,-0.4664,-2.4533
2023-11-12,November 2023,,18.7473,18.5432,-0.4664,-2.4533
2023-11-11,November 2023,,18.7482,18.5432,-0.4664,-2.4533
2023-11-10,November 2023,18.749,18.749,18.5432,-0.4664,-2.4533
2023-11-09,November 2023,18.6069,18.6069,18.5432,-0.4664,-2.4533
2023-11-08,November 2023,18.4884,18.4884,18.5432,-0.4664,-2.4533
2023-11-07,November 2023,18.39,18.39,18.5432,-0.4664,-2.4533
2023-11-06,November 2023,18.2617,18.2617,18.5432,-0.4664,-2.4533
2023-11-05,November 2023,,18.2879,18.5432,-0.4664,-2.4533
2023-11-04,November 2023,,18.3142,18.5432,-0.4664,-2.4533
2023-11-03,November 2023,18.3404,18.3404,18.5432,-0.4664,-2.4533
2023-11-02,November 2023,18.3562,18.3562,18.5432,-0.4664,-2.4533
2023-11-01,November 2023,18.6342,18.6342,18.5432,-0.4664,-2.4533
2023-10-31,October 2023,18.7877,18.7877,19.0597,0.0502,0.2646
2023-10-30,October 2023,18.7582,18.7582,19.0597,0.0502,0.2646
2023-10-29,October 2023,,18.8097,19.0597,0.0502,0.2646
2023-10-28,October 2023,,18.8612,19.0597,0.0502,0.2646
2023-10-27,October 2023,18.9126,18.9126,19.0597,0.0502,0.2646
2023-10-26,October 2023,19.0826,19.0826,19.0597,0.0502,0.2646
2023-10-25,October 2023,19.1397,19.1397,19.0597,0.0502,0.2646
2023-10-24,October 2023,19.1089,19.1089,19.0597,0.0502,0.2646
2023-10-23,October 2023,19.0615,19.0615,19.0597,0.0502,0.2646
2023-10-22,October 2023,,19.0608,19.0597,0.0502,0.2646
2023-10-21,October 2023,,19.06,19.0597,0.0502,0.2646
2023-10-20,October 2023,19.0593,19.0593,19.0597,0.0502,0.2646
2023-10-19,October 2023,19.1317,19.1317,19.0597,0.0502,0.2646
2023-10-18,October 2023,18.8279,18.8279,19.0597,0.0502,0.2646
2023-10-17,October 2023,18.8417,18.8417,19.0597,0.0502,0.2646
2023-10-16,October 2023,18.7957,18.7957,19.0597,0.0502,0.2646
2023-10-15,October 2023,,18.853,19.0597,0.0502,0.2646
2023-10-14,October 2023,,18.9104,19.0597,0.0502,0.2646
2023-10-13,October 2023,18.9677,18.9677,19.0597,0.0502,0.2646
2023-10-12,October 2023,18.8422,18.8422,19.0597,0.0502,0.2646
2023-10-11,October 2023,18.8947,18.8947,19.0597,0.0502,0.2646
2023-10-10,October 2023,19.1624,19.1624,19.0597,0.0502,0.2646
2023-10-09,October 2023,19.3807,19.3807,19.0597,0.0502,0.2646
2023-10-08,October 2023,,19.3875,19.0597,0.0502,0.2646
2023-10-07,October 2023,,19.3944,19.0597,0.0502,0.2646
2023-10-06,October 2023,19.4012,19.4012,19.0597,0.0502,0.2646
2023-10-05,October 2023,19.5596,19.5596,19.0597,0.0502,0.2646
2023-10-04,October 2023,19.2836,19.2836,19.0597,0.0502,0.2646
2023-10-03,October 2023,19.3336,19.3336,19.0597,0.0502,0.2646
2023-10-02,October 2023,19.1368,19.1368,19.0597,0.0502,0.2646
2023-10-01,October 2023,,19.0448,19.0597,0.0502,0.2646
2023-09-30,October 2023,,18.9529,18.9594,0.0502,0.2646
2023-09-29,September 2023,18.861,18.861,18.9594,0.1833,0.9762
2023-09-28,September 2023,19.1384,19.1384,18.9594,0.1833,0.9762
2023-09-27,September 2023,19.1929,19.1929,18.9594,0.1833,0.9762
2023-09-26,September 2023,18.9898,18.9898,18.9594,0.1833,0.9762
2023-09-25,September 2023,18.7539,18.7539,18.9594,0.1833,0.9762
2023-09-24,September 2023,,18.7632,18.9594,0.1833,0.9762
2023-09-23,September 2023,,18.7725,18.9594,0.1833,0.9762
2023-09-22,September 2023,18.7818,18.7818,18.9594,0.1833,0.9762
2023-09-21,September 2023,18.9489,18.9489,18.9594,0.1833,0.9762
2023-09-20,September 2023,18.8369,18.8369,18.9594,0.1833,0.9762
2023-09-19,September 2023,18.933,18.933,18.9594,0.1833,0.9762
2023-09-18,September 2023,19.0329,19.0329,18.9594,0.1833,0.9762
2023-09-17,September 2023,,19.0365,18.9594,0.1833,0.9762
2023-09-16,September 2023,,19.0401,18.9594,0.1833,0.9762
2023-09-15,September 2023,19.0437,19.0437,18.9594,0.1833,0.9762
2023-09-14,September 2023,18.9291,18.9291,18.9594,0.1833,0.9762
2023-09-13,September 2023,18.9416,18.9416,18.9594,0.1833,0.9762
2023-09-12,September 2023,18.9755,18.9755,18.9594,0.1833,0.9762
2023-09-11,September 2023,18.8998,18.8998,18.9594,0.1833,0.9762
2023-09-10,September 2023,,18.9641,18.9594,0.1833,0.9762
2023-09-09,September 2023,,19.0285,18.9594,0.1833,0.9762
2023-09-08,September 2023,19.0929,19.0929,18.9594,0.1833,0.9762
2023-09-07,September 2023,19.1613,19.1613,18.9594,0.1833,0.9762
2023-09-06,September 2023,19.237,19.237,18.9594,0.1833,0.9762
2023-09-05,September 2023,19.2009,19.2009,18.9594,0.1833,0.9762
2023-09-04,September 2023,18.9429,18.9429,18.9594,0.1833,0.9762
2023-09-03,September 2023,,18.8597,18.9594,0.1833,0.9762
2023-09-02,September 2023,,18.7765,18.9594,0.1833,0.9762
2023-09-01,September 2023,18.6934,18.6934,18.9594,0.1833,0.9762
2023-08-31,August 2023,18.789,18.789,18.7761,0.555,3.0459
2023-08-30,August 2023,18.5716,18.5716,18.7761,0.555,3.0459
2023-08-29,August 2023,18.5593,18.5593,18.7761,0.555,3.0459
2023-08-28,August 2023,18.6527,18.6527,18.7761,0.555,3.0459
2023-08-27,August 2023,,18.652,18.7761,0.555,3.0459
2023-08-26,August 2023,,18.6514,18.7761,0.555,3.0459
2023-08-25,August 2023,18.6508,18.6508,18.7761,0.555,3.0459
2023-08-24,August 2023,18.679,18.679,18.7761,0.555,3.0459
2023-08-23,August 2023,18.704,18.704,18.7761,0.555,3.0459
2023-08-22,August 2023,18.7317,18.7317,18.7761,0.555,3.0459
2023-08-21,August 2023,18.9549,18.9549,18.7761,0.555,3.0459
2023-08-20,August 2023,,18.9902,18.7761,0.555,3.0459
2023-08-19,August 2023,,19.0255,18.7761,0.555,3.0459
2023-08-18,August 2023,19.0607,19.0607,18.7761,0.555,3.0459
2023-08-17,August 2023,19.0291,19.0291,18.7761,0.555,3.0459
2023-08-16,August 2023,19.1161,19.1161,18.7761,0.555,3.0459
2023-08-15,August 2023,19.2031,19.2031,18.7761,0.555,3.0459
2023-08-14,August 2023,19.0193,19.0193,18.7761,0.555,3.0459
2023-08-13,August 2023,,18.9542,18.7761,0.555,3.0459
2023-08-12,August 2023,,18.889,18.7761,0.555,3.0459
2023-08-11,August 2023,18.8239,18.8239,18.7761,0.555,3.0459
2023-08-10,August 2023,18.7739,18.7739,18.7761,0.555,3.0459
2023-08-09,August 2023,19.0482,19.0482,18.7761,0.555,3.0459
2023-08-08,August 2023,18.9026,18.9026,18.7761,0.555,3.0459
2023-08-07,August 2023,18.6062,18.6062,18.7761,0.555,3.0459
2023-08-06,August 2023,,18.623,18.7761,0.555,3.0459
2023-08-05,August 2023,,18.6397,18.7761,0.555,3.0459
2023-08-04,August 2023,18.6565,18.6565,18.7761,0.555,3.0459
2023-08-03,August 2023,18.6334,18.6334,18.7761,0.555,3.0459
2023-08-02,August 2023,18.3504,18.3504,18.7761,0.555,3.0459
2023-08-01,August 2023,18.1175,18.1175,18.7761,0.555,3.0459
2023-07-31,July 2023,17.7366,17.7366,18.2211,-0.5077,-2.7106
2023-07-30,July 2023,,17.7072,18.2211,-0.5077,-2.7106
2023-07-29,July 2023,,17.6778,18.2211,-0.5077,-2.7106
2023-07-28,July 2023,17.6484,17.6484,18.2211,-0.5077,-2.7106
2023-07-27,July 2023,17.5135,17.5135,18.2211,-0.5077,-2.7106
2023-07-26,July 2023,17.7051,17.7051,18.2211,-0.5077,-2.7106
2023-07-25,July 2023,17.5781,17.5781,18.2211,-0.5077,-2.7106
2023-07-24,July 2023,17.8377,17.8377,18.2211,-0.5077,-2.7106
2023-07-23,July 2023,,17.8969,18.2211,-0.5077,-2.7106
2023-07-22,July 2023,,17.9561,18.2211,-0.5077,-2.7106
2023-07-21,July 2023,18.0154,18.0154,18.2211,-0.5077,-2.7106
2023-07-20,July 2023,17.8307,17.8307,18.2211,-0.5077,-2.7106
2023-07-19,July 2023,17.9178,17.9178,18.2211,-0.5077,-2.7106
2023-07-18,July 2023,17.9054,17.9054,18.2211,-0.5077,-2.7106
2023-07-17,July 2023,18.0394,18.0394,18.2211,-0.5077,-2.7106
2023-07-16,July 2023,,18.0278,18.2211,-0.5077,-2.7106
2023-07-15,July 2023,,18.0163,18.2211,-0.5077,-2.7106
2023-07-14,July 2023,18.0048,18.0048,18.2211,-0.5077,-2.7106
2023-07-13,July 2023,18.078,18.078,18.2211,-0.5077,-2.7106
2023-07-12,July 2023,18.4511,18.4511,18.2211,-0.5077,-2.7106
2023-07-11,July 2023,18.6507,18.6507,18.2211,-0.5077,-2.7106
2023-07-10,July 2023,18.8502,18.8502,18.2211,-0.5077,-2.7106
2023-07-09,July 2023,,18.9321,18.2211,-0.5077,-2.7106
2023-07-08,July 2023,,19.0139,18.2211,-0.5077,-2.7106
2023-07-07,July 2023,19.0958,19.0958,18.2211,-0.5077,-2.7106
2023-07-06,July 2023,18.9261,18.9261,18.2211,-0.5077,-2.7106
2023-07-05,July 2023,18.742,18.742,18.2211,-0.5077,-2.7106
2023-07-04,July 2023,18.6459,18.6459,18.2211,-0.5077,-2.7106
2023-07-03,July 2023,18.7572,18.7572,18.2211,-0.5077,-2.7106
2023-07-02,July 2023,,18.8176,18.2211,-0.5077,-2.7106
2023-07-01,July 2023,,18.878,18.2211,-0.5077,-2.7106
2023-06-30,June 2023,18.9384,18.9384,18.7288,0.1332,0.7163
2023-06-29,June 2023,18.7095,18.7095,18.7288,0.1332,0.7163
2023-06-28,June 2023,18.7263,18.7263,18.7288,0.1332,0.7163
2023-06-27,June 2023,18.4672,18.4672,18.7288,0.1332,0.7163
2023-06-26,June 2023,18.6064,18.6064,18.7288,0.1332,0.7163
2023-06-25,June 2023,,18.6413,18.7288,0.1332,0.7163
2023-06-24,June 2023,,18.6762,18.7288,0.1332,0.7163
2023-06-23,June 2023,18.7111,18.7111,18.7288,0.1332,0.7163
2023-06-22,June 2023,18.4411,18.4411,18.7288,0.1332,0.7163
2023-06-21,June 2023,18.3817,18.3817,18.7288,0.1332,0.7163
2023-06-20,June 2023,18.268,18.268,18.7288,0.1332,0.7163
2023-06-19,June 2023,18.1741,18.1741,18.7288,0.1332,0.7163
2023-06-18,June 2023,,18.1657,18.7288,0.1332,0.7163
2023-06-17,June 2023,,18.1573,18.7288,0.1332,0.7163
2023-06-16,June 2023,18.1489,18.1489,18.7288,0.1332,0.7163
2023-06-15,June 2023,18.4169,18.4169,18.7288,0.1332,0.7163
2023-06-14,June 2023,18.4217,18.4217,18.7288,0.1332,0.7163
2023-06-13,June 2023,18.6312,18.6312,18.7288,0.1332,0.7163
2023-06-12,June 2023,18.5629,18.5629,18.7288,0.1332,0.7163
2023-06-11,June 2023,,18.6154,18.7288,0.1332,0.7163
2023-06-10,June 2023,,18.6679,18.7288,0.1332,0.7163
2023-06-09,June 2023,18.7204,18.7204,18.7288,0.1332,0.7163
2023-06-08,June 2023,18.933,18.933,18.7288,0.1332,0.7163
2023-06-07,June 2023,19.0339,19.0339,18.7288,0.1332,0.7163
2023-06-06,June 2023,19.2449,19.2449,18.7288,0.1332,0.7163
2023-06-05,June 2023,19.3503,19.3503,18.7288,0.1332,0.7163
2023-06-04,June 2023,,19.3873,18.7288,0.1332,0.7163
2023-06-03,June 2023,,19.4242,18.7288,0.1332,0.7163
2023-06-02,June 2023,19.4612,19.4612,18.7288,0.1332,0.7163
2023-06-01,June 2023,19.7782,19.7782,18.7288,0.1332,0.7163
2023-05-31,May 2023,19.784,19.784,19.0364,0.4409,2.4285
2023-05-30,May 2023,19.6639,19.6639,19.0364,0.4409,2.4285
2023-05-29,May 2023,19.6557,19.6557,19.0364,0.4409,2.4285
2023-05-28,May 2023,,19.6194,19.0364,0.4409,2.4285
2023-05-27,May 2023,,19.5831,19.0364,0.4409,2.4285
2023-05-26,May 2023,19.5468,19.5468,19.0364,0.4409,2.4285
2023-05-25,May 2023,19.3261,19.3261,19.0364,0.4409,2.4285
2023-05-24,May 2023,19.2377,19.2377,19.0364,0.4409,2.4285
2023-05-23,May 2023,19.2894,19.2894,19.0364,0.4409,2.4285
2023-05-22,May 2023,19.3252,19.3252,19.0364,0.4409,2.4285
2023-05-21,May 2023,,19.3246,19.0364,0.4409,2.4285
2023-05-20,May 2023,,19.324,19.0364,0.4409,2.4285
2023-05-19,May 2023,19.3235,19.3235,19.0364,0.4409,2.4285
2023-05-18,May 2023,19.3927,19.3927,19.0364,0.4409,2.4285
2023-05-17,May 2023,19.2809,19.2809,19.0364,0.4409,2.4285
2023-05-16,May 2023,19.0696,19.0696,19.0364,0.4409,2.4285
2023-05-15,May 2023,19.0783,19.0783,19.0364,0.4409,2.4285
2023-05-14,May 2023,,19.1282,19.0364,0.4409,2.4285
2023-05-13,May 2023,,19.178,19.0364,0.4409,2.4285
2023-05-12,May 2023,19.2279,19.2279,19.0364,0.4409,2.4285
2023-05-11,May 2023,18.9831,18.9831,19.0364,0.4409,2.4285
2023-05-10,May 2023,18.7219,18.7219,19.0364,0.4409,2.4285
2023-05-09,May 2023,18.4326,18.4326,19.0364,0.4409,2.4285
2023-05-08,May 2023,18.3521,18.3521,19.0364,0.4409,2.4285
2023-05-07,May 2023,,18.3586,19.0364,0.4409,2.4285
2023-05-06,May 2023,,18.3651,19.0364,0.4409,2.4285
2023-05-05,May 2023,18.3716,18.3716,19.0364,0.4409,2.4285
2023-05-04,May 2023,18.1829,18.1829,19.0364,0.4409,2.4285
2023-05-03,May 2023,18.2611,18.2611,19.0364,0.4409,2.4285
2023-05-02,May 2023,18.373,18.373,19.0364,0.4409,2.4285
2023-05-01,May 2023,,18.3685,19.0364,0.4409,2.4285
2023-04-30,May 2023,,18.3641,18.1547,0.4409,2.4285
2023-04-29,May 2023,,18.3596,18.1547,0.4409,2.4285
2023-04-28,April 2023,18.3552,18.3552,18.1547,-0.1191,-0.6519
2023-04-27,April 2023,18.2442,18.2442,18.1547,-0.1191,-0.6519
2023-04-26,April 2023,18.3966,18.3966,18.1547,-0.1191,-0.6519
2023-04-25,April 2023,18.2817,18.2817,18.1547,-0.1191,-0.6519
2023-04-24,April 2023,18.1309,18.1309,18.1547,-0.1191,-0.6519
2023-04-23,April 2023,,18.1286,18.1547,-0.1191,-0.6519
2023-04-22,April 2023,,18.1264,18.1547,-0.1191,-0.6519
2023-04-21,April 2023,18.1242,18.1242,18.1547,-0.1191,-0.6519
2023-04-20,April 2023,18.1425,18.1425,18.1547,-0.1191,-0.6519
2023-04-19,April 2023,18.2757,18.2757,18.1547,-0.1191,-0.6519
2023-04-18,April 2023,18.1643,18.1643,18.1547,-0.1191,-0.6519
2023-04-17,April 2023,18.1165,18.1165,18.1547,-0.1191,-0.6519
2023-04-16,April 2023,,18.0875,18.1547,-0.1191,-0.6519
2023-04-15,April 2023,,18.0585,18.1547,-0.1191,-0.6519
2023-04-14,April 2023,18.0295,18.0295,18.1547,-0.1191,-0.6519
2023-04-13,April 2023,18.1307,18.1307,18.1547,-0.1191,-0.6519
2023-04-12,April 2023,18.4334,18.4334,18.1547,-0.1191,-0.6519
2023-04-11,April 2023,18.2497,18.2497,18.1547,-0.1191,-0.6519
2023-04-10,April 2023,,18.2448,18.1547,-0.1191,-0.6519
2023-04-09,April 2023,,18.2399,18.1547,-0.1191,-0.6519
2023-04-08,April 2023,,18.2351,18.1547,-0.1191,-0.6519
2023-04-07,April 2023,,18.2302,18.1547,-0.1191,-0.6519
2023-04-06,April 2023,18.2253,18.2253,18.1547,-0.1191,-0.6519
2023-04-05,April 2023,17.9257,17.9257,18.1547,-0.1191,-0.6519
2023-04-04,April 2023,17.8345,17.8345,18.1547,-0.1191,-0.6519
2023-04-03,April 2023,17.8664,17.8664,18.1547,-0.1191,-0.6519
2023-04-02,April 2023,,17.8351,18.1547,-0.1191,-0.6519
2023-04-01,April 2023,,17.8037,18.1547,-0.1191,-0.6519
2023-03-31,March 2023,17.7724,17.7724,18.2738,0.3572,1.994
2023-03-30,March 2023,18.047,18.047,18.2738,0.3572,1.994
2023-03-29,March 2023,18.1151,18.1151,18.2738,0.3572,1.994
2023-03-28,March 2023,18.1744,18.1744,18.2738,0.3572,1.994
2023-03-27,March 2023,18.3211,18.3211,18.2738,0.3572,1.994
2023-03-26,March 2023,,18.2868,18.2738,0.3572,1.994
2023-03-25,March 2023,,18.2525,18.2738,0.3572,1.994
2023-03-24,March 2023,18.2182,18.2182,18.2738,0.3572,1.994
2023-03-23,March 2023,18.1806,18.1806,18.2738,0.3572,1.994
2023-03-22,March 2023,18.4079,18.4079,18.2738,0.3572,1.994
2023-03-21,March 2023,18.5281,18.5281,18.2738,0.3572,1.994
2023-03-20,March 2023,18.4623,18.4623,18.2738,0.3572,1.994
2023-03-19,March 2023,,18.4267,18.2738,0.3572,1.994
2023-03-18,March 2023,,18.391,18.2738,0.3572,1.994
2023-03-17,March 2023,18.3553,18.3553,18.2738,0.3572,1.994
2023-03-16,March 2023,18.3822,18.3822,18.2738,0.3572,1.994
2023-03-15,March 2023,18.4084,18.4084,18.2738,0.3572,1.994
2023-03-14,March 2023,18.0619,18.0619,18.2738,0.3572,1.994
2023-03-13,March 2023,18.1716,18.1716,18.2738,0.3572,1.994
2023-03-12,March 2023,,18.231,18.2738,0.3572,1.994
2023-03-11,March 2023,,18.2903,18.2738,0.3572,1.994
2023-03-10,March 2023,18.3497,18.3497,18.2738,0.3572,1.994
2023-03-09,March 2023,18.6259,18.6259,18.2738,0.3572,1.994
2023-03-08,March 2023,18.5769,18.5769,18.2738,0.3572,1.994
2023-03-07,March 2023,18.3755,18.3755,18.2738,0.3572,1.994
2023-03-06,March 2023,18.1935,18.1935,18.2738,0.3572,1.994
2023-03-05,March 2023,,18.1845,18.2738,0.3572,1.994
2023-03-04,March 2023,,18.1755,18.2738,0.3572,1.994
2023-03-03,March 2023,18.1665,18.1665,18.2738,0.3572,1.994
2023-03-02,March 2023,18.2189,18.2189,18.2738,0.3572,1.994
2023-03-01,March 2023,18.1364,18.1364,18.2738,0.3572,1.994
2023-02-28,February 2023,18.4121,18.4121,17.9166,0.7184,4.1771
2023-02-27,February 2023,18.436,18.436,17.9166,0.7184,4.1771
2023-02-26,February 2023,,18.4478,17.9166,0.7184,4.1771
2023-02-25,February 2023,,18.4596,17.9166,0.7184,4.1771
2023-02-24,February 2023,18.4714,18.4714,17.9166,0.7184,4.1771
2023-02-23,February 2023,18.2815,18.2815,17.9166,0.7184,4.1771
2023-02-22,February 2023,18.2307,18.2307,17.9166,0.7184,4.1771
2023-02-21,February 2023,18.2463,18.2463,17.9166,0.7184,4.1771
2023-02-20,February 2023,18.1254,18.1254,17.9166,0.7184,4.1771
2023-02-19,February 2023,,18.1276,17.9166,0.7184,4.1771
2023-02-18,February 2023,,18.1297,17.9166,0.7184,4.1771
2023-02-17,February 2023,18.1318,18.1318,17.9166,0.7184,4.1771
2023-02-16,February 2023,18.137,18.137,17.9166,0.7184,4.1771
2023-02-15,February 2023,18.0272,18.0272,17.9166,0.7184,4.1771
2023-02-14,February 2023,17.8136,17.8136,17.9166,0.7184,4.1771
2023-02-13,February 2023,17.936,17.936,17.9166,0.7184,4.1771
2023-02-12,February 2023,,17.9079,17.9166,0.7184,4.1771
2023-02-11,February 2023,,17.8798,17.9166,0.7184,4.1771
2023-02-10,February 2023,17.8516,17.8516,17.9166,0.7184,4.1771
2023-02-09,February 2023,17.6524,17.6524,17.9166,0.7184,4.1771
2023-02-08,February 2023,17.618,17.618,17.9166,0.7184,4.1771
2023-02-07,February 2023,17.6398,17.6398,17.9166,0.7184,4.1771
2023-02-06,February 2023,17.5402,17.5402,17.9166,0.7184,4.1771
2023-02-05,February 2023,,17.4118,17.9166,0.7184,4.1771
2023-02-04,February 2023,,17.2834,17.9166,0.7184,4.1771
2023-02-03,February 2023,17.155,17.155,17.9166,0.7184,4.1771
2023-02-02,February 2023,17.0228,17.0228,17.9166,0.7184,4.1771
2023-02-01,February 2023,17.2873,17.2873,17.9166,0.7184,4.1771
2023-01-31,January 2023,17.4673,17.4673,17.1197,-0.0785,-0.4545
2023-01-30,January 2023,17.3246,17.3246,17.1197,-0.0785,-0.4545
2023-01-29,January 2023,,17.2925,17.1197,-0.0785,-0.4545
2023-01-28,January 2023,,17.2604,17.1197,-0.0785,-0.4545
2023-01-27,January 2023,17.2283,17.2283,17.1197,-0.0785,-0.4545
2023-01-26,January 2023,17.0837,17.0837,17.1197,-0.0785,-0.4545
2023-01-25,January 2023,17.1672,17.1672,17.1197,-0.0785,-0.4545
2023-01-24,January 2023,17.2856,17.2856,17.1197,-0.0785,-0.4545
2023-01-23,January 2023,17.1647,17.1647,17.1197,-0.0785,-0.4545
2023-01-22,January 2023,,17.163,17.1197,-0.0785,-0.4545
2023-01-21,January 2023,,17.1613,17.1197,-0.0785,-0.4545
2023-01-20,January 2023,17.1596,17.1596,17.1197,-0.0785,-0.4545
2023-01-19,January 2023,17.2844,17.2844,17.1197,-0.0785,-0.4545
2023-01-18,January 2023,16.972,16.972,17.1197,-0.0785,-0.4545
2023-01-17,January 2023,17.1564,17.1564,17.1197,-0.0785,-0.4545
2023-01-16,January 2023,17.0597,17.0597,17.1197,-0.0785,-0.4545
2023-01-15,January 2023,,16.998,17.1197,-0.0785,-0.4545
2023-01-14,January 2023,,16.9363,17.1197,-0.0785,-0.4545
2023-01-13,January 2023,16.8746,16.8746,17.1197,-0.0785,-0.4545
2023-01-12,January 2023,16.8415,16.8415,17.1197,-0.0785,-0.4545
2023-01-11,January 2023,17.0119,17.0119,17.1197,-0.0785,-0.4545
2023-01-10,January 2023,17.0712,17.0712,17.1197,-0.0785,-0.4545
2023-01-09,January 2023,17.0212,17.0212,17.1197,-0.0785,-0.4545
2023-01-08,January 2023,,17.1282,17.1197,-0.0785,-0.4545
2023-01-07,January 2023,,17.2351,17.1197,-0.0785,-0.4545
2023-01-06,January 2023,17.3421,17.3421,17.1197,-0.0785,-0.4545
2023-01-05,January 2023,17.0974,17.0974,17.1197,-0.0785,-0.4545
2023-01-04,January 2023,16.827,16.827,17.1197,-0.0785,-0.4545
2023-01-03,January 2023,17.0877,17.0877,17.1197,-0.0785,-0.4545
2023-01-02,January 2023,17.0101,17.0101,17.1197,-0.0785,-0.4545
2023-01-01,January 2023,,16.9962,17.1197,-0.0785,-0.4545
2022-12-31,January 2023,,16.9824,17.2767,-0.0785,-0.4545
2022-12-30,December 2022,16.9685,16.9685,17.2767,-0.1906,-1.0913
2022-12-29,December 2022,17.0877,17.0877,17.2767,-0.1906,-1.0913
2022-12-28,December 2022,17.1889,17.1889,17.2767,-0.1906,-1.0913
2022-12-27,December 2022,17.2422,17.2422,17.2767,-0.1906,-1.0913
2022-12-26,December 2022,,17.1928,17.2767,-0.1906,-1.0913
2022-12-25,December 2022,,17.1434,17.2767,-0.1906,-1.0913
2022-12-24,December 2022,,17.094,17.2767,-0.1906,-1.0913
2022-12-23,December 2022,17.0446,17.0446,17.2767,-0.1906,-1.0913
2022-12-22,December 2022,17.1389,17.1389,17.2767,-0.1906,-1.0913
2022-12-21,December 2022,17.2555,17.2555,17.2767,-0.1906,-1.0913
2022-12-20,December 2022,17.3827,17.3827,17.2767,-0.1906,-1.0913
2022-12-19,December 2022,17.2744,17.2744,17.2767,-0.1906,-1.0913
2022-12-18,December 2022,,17.3771,17.2767,-0.1906,-1.0913
2022-12-17,December 2022,,17.4798,17.2767,-0.1906,-1.0913
2022-12-16,December 2022,17.5824,17.5824,17.2767,-0.1906,-1.0913
2022-12-15,December 2022,17.2864,17.2864,17.2767,-0.1906,-1.0913
2022-12-14,December 2022,17.1437,17.1437,17.2767,-0.1906,-1.0913
2022-12-13,December 2022,17.7198,17.7198,17.2767,-0.1906,-1.0913
2022-12-12,December 2022,17.4869,17.4869,17.2767,-0.1906,-1.0913
2022-12-11,December 2022,,17.4148,17.2767,-0.1906,-1.0913
2022-12-10,December 2022,,17.3426,17.2767,-0.1906,-1.0913
2022-12-09,December 2022,17.2704,17.2704,17.2767,-0.1906,-1.0913
2022-12-08,December 2022,17.1333,17.1333,17.2767,-0.1906,-1.0913
2022-12-07,December 2022,17.2241,17.2241,17.2767,-0.1906,-1.0913
2022-12-06,December 2022,17.3134,17.3134,17.2767,-0.1906,-1.0913
2022-12-05,December 2022,17.1945,17.1945,17.2767,-0.1906,-1.0913
2022-12-04,December 2022,,17.2436,17.2767,-0.1906,-1.0913
2022-12-03,December 2022,,17.2928,17.2767,-0.1906,-1.0913
2022-12-02,December 2022,17.3419,17.3419,17.2767,-0.1906,-1.0913
2022-12-01,December 2022,17.7342,17.7342,17.2767,-0.1906,-1.0913
2022-11-30,November 2022,16.9399,16.9399,17.4673,-0.6842,-3.7696
2022-11-29,November 2022,16.9812,16.9812,17.4673,-0.6842,-3.7696
2022-11-28,November 2022,17.1438,17.1438,17.4673,-0.6842,-3.7696
2022-11-27,November 2022,,17.1377,17.4673,-0.6842,-3.7696
2022-11-26,November 2022,,17.1316,17.4673,-0.6842,-3.7696
2022-11-25,November 2022,17.1255,17.1255,17.4673,-0.6842,-3.7696
2022-11-24,November 2022,17.0216,17.0216,17.4673,-0.6842,-3.7696
2022-11-23,November 2022,17.1528,17.1528,17.4673,-0.6842,-3.7696
2022-11-22,November 2022,17.2832,17.2832,17.4673,-0.6842,-3.7696
2022-11-21,November 2022,17.3588,17.3588,17.4673,-0.6842,-3.7696
2022-11-20,November 2022,,17.3311,17.4673,-0.6842,-3.7696
2022-11-19,November 2022,,17.3034,17.4673,-0.6842,-3.7696
2022-11-18,November 2022,17.2757,17.2757,17.4673,-0.6842,-3.7696
2022-11-17,November 2022,17.5367,17.5367,17.4673,-0.6842,-3.7696
2022-11-16,November 2022,17.3065,17.3065,17.4673,-0.6842,-3.7696
2022-11-15,November 2022,17.1878,17.1878,17.4673,-0.6842,-3.7696
2022-11-14,November 2022,17.2878,17.2878,17.4673,-0.6842,-3.7696
2022-11-13,November 2022,,17.2794,17.4673,-0.6842,-3.7696
2022-11-12,November 2022,,17.2711,17.4673,-0.6842,-3.7696
2022-11-11,November 2022,17.2627,17.2627,17.4673,-0.6842,-3.7696
2022-11-10,November 2022,17.7699,17.7699,17.4673,-0.6842,-3.7696
2022-11-09,November 2022,17.8076,17.8076,17.4673,-0.6842,-3.7696
2022-11-08,November 2022,17.8468,17.8468,17.4673,-0.6842,-3.7696
2022-11-07,November 2022,17.7707,17.7707,17.4673,-0.6842,-3.7696
2022-11-06,November 2022,,17.8569,17.4673,-0.6842,-3.7696
2022-11-05,November 2022,,17.943,17.4673,-0.6842,-3.7696
2022-11-04,November 2022,18.0291,18.0291,17.4673,-0.6842,-3.7696
2022-11-03,November 2022,18.4736,18.4736,17.4673,-0.6842,-3.7696
2022-11-02,November 2022,18.1276,18.1276,17.4673,-0.6842,-3.7696
2022-11-01,November 2022,18.076,18.076,17.4673,-0.6842,-3.7696
2022-10-31,October 2022,18.3312,18.3312,18.1516,0.6045,3.4448
2022-10-30,October 2022,,18.2681,18.1516,0.6045,3.4448
2022-10-29,October 2022,,18.205,18.1516,0.6045,3.4448
2022-10-28,October 2022,18.1419,18.1419,18.1516,0.6045,3.4448
2022-10-27,October 2022,18.0852,18.0852,18.1516,0.6045,3.4448
2022-10-26,October 2022,17.9798,17.9798,18.1516,0.6045,3.4448
2022-10-25,October 2022,18.4779,18.4779,18.1516,0.6045,3.4448
2022-10-24,October 2022,18.3357,18.3357,18.1516,0.6045,3.4448
2022-10-23,October 2022,,18.391,18.1516,0.6045,3.4448
2022-10-22,October 2022,,18.4463,18.1516,0.6045,3.4448
2022-10-21,October 2022,18.5016,18.5016,18.1516,0.6045,3.4448
2022-10-20,October 2022,18.2556,18.2556,18.1516,0.6045,3.4448
2022-10-19,October 2022,18.2388,18.2388,18.1516,0.6045,3.4448
2022-10-18,October 2022,18.0889,18.0889,18.1516,0.6045,3.4448
2022-10-17,October 2022,18.1506,18.1506,18.1516,0.6045,3.4448
2022-10-16,October 2022,,18.1699,18.1516,0.6045,3.4448
2022-10-15,October 2022,,18.1892,18.1516,0.6045,3.4448
2022-10-14,October 2022,18.2085,18.2085,18.1516,0.6045,3.4448
2022-10-13,October 2022,18.2948,18.2948,18.1516,0.6045,3.4448
2022-10-12,October 2022,18.2234,18.2234,18.1516,0.6045,3.4448
2022-10-11,October 2022,18.1171,18.1171,18.1516,0.6045,3.4448
2022-10-10,October 2022,18.1361,18.1361,18.1516,0.6045,3.4448
2022-10-09,October 2022,,18.0865,18.1516,0.6045,3.4448
2022-10-08,October 2022,,18.0369,18.1516,0.6045,3.4448
2022-10-07,October 2022,17.9873,17.9873,18.1516,0.6045,3.4448
2022-10-06,October 2022,17.8265,17.8265,18.1516,0.6045,3.4448
2022-10-05,October 2022,17.7739,17.7739,18.1516,0.6045,3.4448
2022-10-04,October 2022,17.737,17.737,18.1516,0.6045,3.4448
2022-10-03,October 2022,18.0122,18.0122,18.1516,0.6045,3.4448
2022-10-02,October 2022,,18.0043,18.1516,0.6045,3.4448
2022-10-01,October 2022,,17.9965,18.1516,0.6045,3.4448
2022-09-30,September 2022,17.9886,17.9886,17.5471,0.7776,4.637
2022-09-29,September 2022,17.9751,17.9751,17.5471,0.7776,4.637
2022-09-28,September 2022,18.078,18.078,17.5471,0.7776,4.637
2022-09-27,September 2022,17.8724,17.8724,17.5471,0.7776,4.637
2022-09-26,September 2022,18.0642,18.0642,17.5471,0.7776,4.637
2022-09-25,September 2022,,17.984,17.5471,0.7776,4.637
2022-09-24,September 2022,,17.9039,17.5471,0.7776,4.637
2022-09-23,September 2022,17.8238,17.8238,17.5471,0.7776,4.637
2022-09-22,September 2022,17.555,17.555,17.5471,0.7776,4.637
2022-09-21,September 2022,17.6538,17.6538,17.5471,0.7776,4.637
2022-09-20,September 2022,17.751,17.751,17.5471,0.7776,4.637
2022-09-19,September 2022,17.7444,17.7444,17.5471,0.7776,4.637
2022-09-18,September 2022,,17.7235,17.5471,0.7776,4.637
2022-09-17,September 2022,,17.7026,17.5471,0.7776,4.637
2022-09-16,September 2022,17.6817,17.6817,17.5471,0.7776,4.637
2022-09-15,September 2022,17.5423,17.5423,17.5471,0.7776,4.637
2022-09-14,September 2022,17.4517,17.4517,17.5471,0.7776,4.637
2022-09-13,September 2022,17.0135,17.0135,17.5471,0.7776,4.637
2022-09-12,September 2022,17.0576,17.0576,17.5471,0.7776,4.637
2022-09-11,September 2022,,17.1353,17.5471,0.7776,4.637
2022-09-10,September 2022,,17.2129,17.5471,0.7776,4.637
2022-09-09,September 2022,17.2906,17.2906,17.5471,0.7776,4.637
2022-09-08,September 2022,17.3641,17.3641,17.5471,0.7776,4.637
2022-09-07,September 2022,17.459,17.459,17.5471,0.7776,4.637
2022-09-06,September 2022,17.2044,17.2044,17.5471,0.7776,4.637
2022-09-05,September 2022,17.2258,17.2258,17.5471,0.7776,4.637
2022-09-04,September 2022,,17.2476,17.5471,0.7776,4.637
2022-09-03,September 2022,,17.2694,17.5471,0.7776,4.637
2022-09-02,September 2022,17.2912,17.2912,17.5471,0.7776,4.637
2022-09-01,September 2022,17.1455,17.1455,17.5471,0.7776,4.637
2022-08-31,August 2022,17.0667,17.0667,16.7096,-0.0599,-0.3557
2022-08-30,August 2022,16.7996,16.7996,16.7096,-0.0599,-0.3557
2022-08-29,August 2022,16.9128,16.9128,16.7096,-0.0599,-0.3557
2022-08-28,August 2022,,16.8711,16.7096,-0.0599,-0.3557
2022-08-27,August 2022,,16.8294,16.7096,-0.0599,-0.3557
2022-08-26,August 2022,16.7877,16.7877,16.7096,-0.0599,-0.3557
2022-08-25,August 2022,16.8408,16.8408,16.7096,-0.0599,-0.3557
2022-08-24,August 2022,17.0099,17.0099,16.7096,-0.0599,-0.3557
2022-08-23,August 2022,17.0815,17.0815,16.7096,-0.0599,-0.3557
2022-08-22,August 2022,17.0749,17.0749,16.7096,-0.0599,-0.3557
2022-08-21,August 2022,,17.0529,16.7096,-0.0599,-0.3557
2022-08-20,August 2022,,17.0309,16.7096,-0.0599,-0.3557
2022-08-19,August 2022,17.0089,17.0089,16.7096,-0.0599,-0.3557
2022-08-18,August 2022,16.7031,16.7031,16.7096,-0.0599,-0.3557
2022-08-17,August 2022,16.6396,16.6396,16.7096,-0.0599,-0.3557
2022-08-16,August 2022,16.4402,16.4402,16.7096,-0.0599,-0.3557
2022-08-15,August 2022,16.4174,16.4174,16.7096,-0.0599,-0.3557
2022-08-14,August 2022,,16.3676,16.7096,-0.0599,-0.3557
2022-08-13,August 2022,,16.3179,16.7096,-0.0599,-0.3557
2022-08-12,August 2022,16.2682,16.2682,16.7096,-0.0599,-0.3557
2022-08-11,August 2022,16.162,16.162,16.7096,-0.0599,-0.3557
2022-08-10,August 2022,16.4639,16.4639,16.7096,-0.0599,-0.3557
2022-08-09,August 2022,16.6602,16.6602,16.7096,-0.0599,-0.3557
2022-08-08,August 2022,16.6383,16.6383,16.7096,-0.0599,-0.3557
2022-08-07,August 2022,,16.641,16.7096,-0.0599,-0.3557
2022-08-06,August 2022,,16.6437,16.7096,-0.0599,-0.3557
2022-08-05,August 2022,16.6463,16.6463,16.7096,-0.0599,-0.3557
2022-08-04,August 2022,16.7323,16.7323,16.7096,-0.0599,-0.3557
2022-08-03,August 2022,16.8023,16.8023,16.7096,-0.0599,-0.3557
2022-08-02,August 2022,16.6099,16.6099,16.7096,-0.0599,-0.3557
2022-08-01,August 2022,16.4774,16.4774,16.7096,-0.0599,-0.3557
2022-07-31,August 2022,,16.4967,16.8294,-0.0599,-0.3557
2022-07-30,August 2022,,16.516,16.8294,-0.0599,-0.3557
2022-07-29,July 2022,16.5353,16.5353,16.8294,1.0316,6.5302
2022-07-28,July 2022,16.7962,16.7962,16.8294,1.0316,6.5302
2022-07-27,July 2022,16.8782,16.8782,16.8294,1.0316,6.5302
2022-07-26,July 2022,16.8777,16.8777,16.8294,1.0316,6.5302
2022-07-25,July 2022,16.7548,16.7548,16.8294,1.0316,6.5302
2022-07-24,July 2022,,16.7966,16.8294,1.0316,6.5302
2022-07-23,July 2022,,16.8384,16.8294,1.0316,6.5302
2022-07-22,July 2022,16.8802,16.8802,16.8294,1.0316,6.5302
2022-07-21,July 2022,17.1777,17.1777,16.8294,1.0316,6.5302
2022-07-20,July 2022,17.053,17.053,16.8294,1.0316,6.5302
2022-07-19,July 2022,17.0395,17.0395,16.8294,1.0316,6.5302
2022-07-18,July 2022,17.1582,17.1582,16.8294,1.0316,6.5302
2022-07-17,July 2022,,17.1675,16.8294,1.0316,6.5302
2022-07-16,July 2022,,17.1768,16.8294,1.0316,6.5302
2022-07-15,July 2022,17.1861,17.1861,16.8294,1.0316,6.5302
2022-07-14,July 2022,17.1934,17.1934,16.8294,1.0316,6.5302
2022-07-13,July 2022,16.9392,16.9392,16.8294,1.0316,6.5302
2022-07-12,July 2022,17.0792,17.0792,16.8294,1.0316,6.5302
2022-07-11,July 2022,16.9968,16.9968,16.8294,1.0316,6.5302
2022-07-10,July 2022,,16.97,16.8294,1.0316,6.5302
2022-07-09,July 2022,,16.9433,16.8294,1.0316,6.5302
2022-07-08,July 2022,16.9165,16.9165,16.8294,1.0316,6.5302
2022-07-07,July 2022,16.736,16.736,16.8294,1.0316,6.5302
2022-07-06,July 2022,16.7285,16.7285,16.8294,1.0316,6.5302
2022-07-05,July 2022,16.4376,16.4376,16.8294,1.0316,6.5302
2022-07-04,July 2022,16.2865,16.2865,16.8294,1.0316,6.5302
2022-07-03,July 2022,,16.3356,16.8294,1.0316,6.5302
2022-07-02,July 2022,,16.3847,16.8294,1.0316,6.5302
2022-07-01,July 2022,16.4339,16.4339,16.8294,1.0316,6.5302
2022-06-30,June 2022,16.3804,16.3804,15.7977,0.3372,2.1813
2022-06-29,June 2022,16.0973,16.0973,15.7977,0.3372,2.1813
2022-06-28,June 2022,16.0091,16.0091,15.7977,0.3372,2.1813
2022-06-27,June 2022,15.8879,15.8879,15.7977,0.3372,2.1813
2022-06-26,June 2022,,15.8858,15.7977,0.3372,2.1813
2022-06-25,June 2022,,15.8836,15.7977,0.3372,2.1813
2022-06-24,June 2022,15.8815,15.8815,15.7977,0.3372,2.1813
2022-06-23,June 2022,16.0269,16.0269,15.7977,0.3372,2.1813
2022-06-22,June 2022,15.9666,15.9666,15.7977,0.3372,2.1813
2022-06-21,June 2022,15.9129,15.9129,15.7977,0.3372,2.1813
2022-06-20,June 2022,16.0315,16.0315,15.7977,0.3372,2.1813
2022-06-19,June 2022,,16.0005,15.7977,0.3372,2.1813
2022-06-18,June 2022,,15.9696,15.7977,0.3372,2.1813
2022-06-17,June 2022,15.9387,15.9387,15.7977,0.3372,2.1813
2022-06-16,June 2022,15.9665,15.9665,15.7977,0.3372,2.1813
2022-06-15,June 2022,16.0206,16.0206,15.7977,0.3372,2.1813
2022-06-14,June 2022,16.0696,16.0696,15.7977,0.3372,2.1813
2022-06-13,June 2022,16.0756,16.0756,15.7977,0.3372,2.1813
2022-06-12,June 2022,,15.9231,15.7977,0.3372,2.1813
2022-06-11,June 2022,,15.7706,15.7977,0.3372,2.1813
2022-06-10,June 2022,15.6182,15.6182,15.7977,0.3372,2.1813
2022-06-09,June 2022,15.278,15.278,15.7977,0.3372,2.1813
2022-06-08,June 2022,15.3297,15.3297,15.7977,0.3372,2.1813
2022-06-07,June 2022,15.3873,15.3873,15.7977,0.3372,2.1813
2022-06-06,June 2022,15.3032,15.3032,15.7977,0.3372,2.1813
2022-06-05,June 2022,,15.3638,15.7977,0.3372,2.1813
2022-06-04,June 2022,,15.4243,15.7977,0.3372,2.1813
2022-06-03,June 2022,15.4849,15.4849,15.7977,0.3372,2.1813
2022-06-02,June 2022,15.539,15.539,15.7977,0.3372,2.1813
2022-06-01,June 2022,15.505,15.505,15.7977,0.3372,2.1813
2022-05-31,May 2022,15.6305,15.6305,15.8976,0.4371,2.9095
2022-05-30,May 2022,15.4664,15.4664,15.8976,0.4371,2.9095
2022-05-29,May 2022,,15.517,15.8976,0.4371,2.9095
2022-05-28,May 2022,,15.5677,15.8976,0.4371,2.9095
2022-05-27,May 2022,15.6184,15.6184,15.8976,0.4371,2.9095
2022-05-26,May 2022,15.828,15.828,15.8976,0.4371,2.9095
2022-05-25,May 2022,15.7309,15.7309,15.8976,0.4371,2.9095
2022-05-24,May 2022,15.6543,15.6543,15.8976,0.4371,2.9095
2022-05-23,May 2022,15.7085,15.7085,15.8976,0.4371,2.9095
2022-05-22,May 2022,,15.7395,15.8976,0.4371,2.9095
2022-05-21,May 2022,,15.7704,15.8976,0.4371,2.9095
2022-05-20,May 2022,15.8014,15.8014,15.8976,0.4371,2.9095
2022-05-19,May 2022,15.9919,15.9919,15.8976,0.4371,2.9095
2022-05-18,May 2022,15.8997,15.8997,15.8976,0.4371,2.9095
2022-05-17,May 2022,15.9795,15.9795,15.8976,0.4371,2.9095
2022-05-16,May 2022,16.2344,16.2344,15.8976,0.4371,2.9095
2022-05-15,May 2022,,16.2086,15.8976,0.4371,2.9095
2022-05-14,May 2022,,16.1827,15.8976,0.4371,2.9095
2022-05-13,May 2022,16.1569,16.1569,15.8976,0.4371,2.9095
2022-05-12,May 2022,16.2189,16.2189,15.8976,0.4371,2.9095
2022-05-11,May 2022,16.0405,16.0405,15.8976,0.4371,2.9095
2022-05-10,May 2022,16.1124,16.1124,15.8976,0.4371,2.9095
2022-05-09,May 2022,16.2262,16.2262,15.8976,0.4371,2.9095
2022-05-08,May 2022,,16.1664,15.8976,0.4371,2.9095
2022-05-07,May 2022,,16.1065,15.8976,0.4371,2.9095
2022-05-06,May 2022,16.0467,16.0467,15.8976,0.4371,2.9095
2022-05-05,May 2022,15.6947,15.6947,15.8976,0.4371,2.9095
2022-05-04,May 2022,15.8094,15.8094,15.8976,0.4371,2.9095
2022-05-03,May 2022,15.9438,15.9438,15.8976,0.4371,2.9095
2022-05-02,May 2022,15.9049,15.9049,15.8976,0.4371,2.9095
2022-05-01,May 2022,,15.8681,15.8976,0.4371,2.9095
2022-04-30,May 2022,,15.8312,15.0234,0.4371,2.9095
2022-04-29,April 2022,15.7944,15.7944,15.0234,0.0378,0.2523
2022-04-28,April 2022,15.9725,15.9725,15.0234,0.0378,0.2523
2022-04-27,April 2022,15.9129,15.9129,15.0234,0.0378,0.2523
2022-04-26,April 2022,15.7192,15.7192,15.0234,0.0378,0.2523
2022-04-25,April 2022,15.6848,15.6848,15.0234,0.0378,0.2523
2022-04-24,April 2022,,15.6537,15.0234,0.0378,0.2523
2022-04-23,April 2022,,15.6225,15.0234,0.0378,0.2523
2022-04-22,April 2022,15.5914,15.5914,15.0234,0.0378,0.2523
2022-04-21,April 2022,15.2472,15.2472,15.0234,0.0378,0.2523
2022-04-20,April 2022,15.0525,15.0525,15.0234,0.0378,0.2523
2022-04-19,April 2022,14.8478,14.8478,15.0234,0.0378,0.2523
2022-04-18,April 2022,,14.8077,15.0234,0.0378,0.2523
2022-04-17,April 2022,,14.7675,15.0234,0.0378,0.2523
2022-04-16,April 2022,,14.7274,15.0234,0.0378,0.2523
2022-04-15,April 2022,,14.6872,15.0234,0.0378,0.2523
2022-04-14,April 2022,14.6471,14.6471,15.0234,0.0378,0.2523
2022-04-13,April 2022,14.4855,14.4855,15.0234,0.0378,0.2523
2022-04-12,April 2022,14.5926,14.5926,15.0234,0.0378,0.2523
2022-04-11,April 2022,14.5988,14.5988,15.0234,0.0378,0.2523
2022-04-10,April 2022,,14.6421,15.0234,0.0378,0.2523
2022-04-09,April 2022,,14.6854,15.0234,0.0378,0.2523
2022-04-08,April 2022,14.7287,14.7287,15.0234,0.0378,0.2523
2022-04-07,April 2022,14.705,14.705,15.0234,0.0378,0.2523
2022-04-06,April 2022,14.6419,14.6419,15.0234,0.0378,0.2523
2022-04-05,April 2022,14.5436,14.5436,15.0234,0.0378,0.2523
2022-04-04,April 2022,14.6258,14.6258,15.0234,0.0378,0.2523
2022-04-03,April 2022,,14.627,15.0234,0.0378,0.2523
2022-04-02,April 2022,,14.6283,15.0234,0.0378,0.2523
2022-04-01,April 2022,14.6295,14.6295,15.0234,0.0378,0.2523
2022-03-31,March 2022,14.5687,14.5687,14.9856,-0.2421,-1.5896
2022-03-30,March 2022,14.4965,14.4965,14.9856,-0.2421,-1.5896
2022-03-29,March 2022,14.5967,14.5967,14.9856,-0.2421,-1.5896
2022-03-28,March 2022,14.5837,14.5837,14.9856,-0.2421,-1.5896
2022-03-27,March 2022,,14.5818,14.9856,-0.2421,-1.5896
2022-03-26,March 2022,,14.5798,14.9856,-0.2421,-1.5896
2022-03-25,March 2022,14.5779,14.5779,14.9856,-0.2421,-1.5896
2022-03-24,March 2022,14.7092,14.7092,14.9856,-0.2421,-1.5896
2022-03-23,March 2022,14.793,14.793,14.9856,-0.2421,-1.5896
2022-03-22,March 2022,14.8249,14.8249,14.9856,-0.2421,-1.5896
2022-03-21,March 2022,14.907,14.907,14.9856,-0.2421,-1.5896
2022-03-20,March 2022,,14.9448,14.9856,-0.2421,-1.5896
2022-03-19,March 2022,,14.9827,14.9856,-0.2421,-1.5896
2022-03-18,March 2022,15.0206,15.0206,14.9856,-0.2421,-1.5896
2022-03-17,March 2022,14.9567,14.9567,14.9856,-0.2421,-1.5896
2022-03-16,March 2022,15.0604,15.0604,14.9856,-0.2421,-1.5896
2022-03-15,March 2022,15.1259,15.1259,14.9856,-0.2421,-1.5896
2022-03-14,March 2022,15.0574,15.0574,14.9856,-0.2421,-1.5896
2022-03-13,March 2022,,15.0397,14.9856,-0.2421,-1.5896
2022-03-12,March 2022,,15.0219,14.9856,-0.2421,-1.5896
2022-03-11,March 2022,15.0042,15.0042,14.9856,-0.2421,-1.5896
2022-03-10,March 2022,15.0906,15.0906,14.9856,-0.2421,-1.5896
2022-03-09,March 2022,15.1515,15.1515,14.9856,-0.2421,-1.5896
2022-03-08,March 2022,15.337,15.337,14.9856,-0.2421,-1.5896
2022-03-07,March 2022,15.3236,15.3236,14.9856,-0.2421,-1.5896
2022-03-06,March 2022,,15.3411,14.9856,-0.2421,-1.5896
2022-03-05,March 2022,,15.3585,14.9856,-0.2421,-1.5896
2022-03-04,March 2022,15.376,15.376,14.9856,-0.2421,-1.5896
2022-03-03,March 2022,15.24,15.24,14.9856,-0.2421,-1.5896
2022-03-02,March 2022,15.4785,15.4785,14.9856,-0.2421,-1.5896
2022-03-01,March 2022,15.4224,15.4224,14.9856,-0.2421,-1.5896
2022-02-28,February 2022,15.4356,15.4356,15.2276,-0.2809,-1.811
2022-02-27,February 2022,,15.3521,15.2276,-0.2809,-1.811
2022-02-26,February 2022,,15.2685,15.2276,-0.2809,-1.811
2022-02-25,February 2022,15.185,15.185,15.2276,-0.2809,-1.811
2022-02-24,February 2022,15.3753,15.3753,15.2276,-0.2809,-1.811
2022-02-23,February 2022,15.0307,15.0307,15.2276,-0.2809,-1.811
2022-02-22,February 2022,15.1444,15.1444,15.2276,-0.2809,-1.811
2022-02-21,February 2022,15.161,15.161,15.2276,-0.2809,-1.811
2022-02-20,February 2022,,15.1234,15.2276,-0.2809,-1.811
2022-02-19,February 2022,,15.0858,15.2276,-0.2809,-1.811
2022-02-18,February 2022,15.0483,15.0483,15.2276,-0.2809,-1.811
2022-02-17,February 2022,14.9422,14.9422,15.2276,-0.2809,-1.811
2022-02-16,February 2022,15.1372,15.1372,15.2276,-0.2809,-1.811
